<?xml version="1.0" encoding="UTF-8"?>
<!DOCTYPE mapper PUBLIC "-//mybatis.org//DTD Mapper 3.0//EN" "http://mybatis.org/dtd/mybatis-3-mapper.dtd">
<mapper namespace="com.dowsure.erp.model.dao.CategoryMapper">
  <resultMap id="BaseResultMap" type="com.dowsure.erp.model.pojo.Category">
    <!--@mbg.generated-->
    <!--@Table imooc_mall_category-->
    <id column="id" jdbcType="INTEGER" property="id" />
    <result column="name" jdbcType="VARCHAR" property="name" />
    <result column="type" jdbcType="INTEGER" property="type" />
    <result column="parent_id" jdbcType="INTEGER" property="parentId" />
    <result column="order_num" jdbcType="INTEGER" property="orderNum" />
    <result column="create_time" jdbcType="TIMESTAMP" property="createTime" />
    <result column="update_time" jdbcType="TIMESTAMP" property="updateTime" />
  </resultMap>
  <sql id="Base_Column_List">
    <!--@mbg.generated-->
    id, `name`, `type`, parent_id, order_num, create_time, update_time
  </sql>
  <select id="selectByPrimaryKey" parameterType="java.lang.Integer" resultMap="BaseResultMap">
    <!--@mbg.generated-->
    select 
    <include refid="Base_Column_List" />
    from imooc_mall_category
    where id = #{id,jdbcType=INTEGER}
  </select>
  <delete id="deleteByPrimaryKey" parameterType="java.lang.Integer">
    <!--@mbg.generated-->
    delete from imooc_mall_category
    where id = #{id,jdbcType=INTEGER}
  </delete>
  <insert id="insert" keyColumn="id" keyProperty="id" parameterType="com.dowsure.erp.model.pojo.Category" useGeneratedKeys="true">
    <!--@mbg.generated-->
    insert into imooc_mall_category (`name`, `type`, parent_id, 
      order_num, create_time, update_time
      )
    values (#{name,jdbcType=VARCHAR}, #{type,jdbcType=INTEGER}, #{parentId,jdbcType=INTEGER}, 
      #{orderNum,jdbcType=INTEGER}, #{createTime,jdbcType=TIMESTAMP}, #{updateTime,jdbcType=TIMESTAMP}
      )
  </insert>
  <insert id="insertSelective" keyColumn="id" keyProperty="id" parameterType="com.dowsure.erp.model.pojo.Category" useGeneratedKeys="true">
    <!--@mbg.generated-->
    insert into imooc_mall_category
    <trim prefix="(" suffix=")" suffixOverrides=",">
      <if test="name != null">
        `name`,
      </if>
      <if test="type != null">
        `type`,
      </if>
      <if test="parentId != null">
        parent_id,
      </if>
      <if test="orderNum != null">
        order_num,
      </if>
      <if test="createTime != null">
        create_time,
      </if>
      <if test="updateTime != null">
        update_time,
      </if>
    </trim>
    <trim prefix="values (" suffix=")" suffixOverrides=",">
      <if test="name != null">
        #{name,jdbcType=VARCHAR},
      </if>
      <if test="type != null">
        #{type,jdbcType=INTEGER},
      </if>
      <if test="parentId != null">
        #{parentId,jdbcType=INTEGER},
      </if>
      <if test="orderNum != null">
        #{orderNum,jdbcType=INTEGER},
      </if>
      <if test="createTime != null">
        #{createTime,jdbcType=TIMESTAMP},
      </if>
      <if test="updateTime != null">
        #{updateTime,jdbcType=TIMESTAMP},
      </if>
    </trim>
  </insert>
  <update id="updateByPrimaryKeySelective" parameterType="com.dowsure.erp.model.pojo.Category">
    <!--@mbg.generated-->
    update imooc_mall_category
    <set>
      <if test="name != null">
        `name` = #{name,jdbcType=VARCHAR},
      </if>
      <if test="type != null">
        `type` = #{type,jdbcType=INTEGER},
      </if>
      <if test="parentId != null">
        parent_id = #{parentId,jdbcType=INTEGER},
      </if>
      <if test="orderNum != null">
        order_num = #{orderNum,jdbcType=INTEGER},
      </if>
      <if test="createTime != null">
        create_time = #{createTime,jdbcType=TIMESTAMP},
      </if>
      <if test="updateTime != null">
        update_time = #{updateTime,jdbcType=TIMESTAMP},
      </if>
    </set>
    where id = #{id,jdbcType=INTEGER}
  </update>
  <update id="updateByPrimaryKey" parameterType="com.dowsure.erp.model.pojo.Category">
    <!--@mbg.generated-->
    update imooc_mall_category
    set `name` = #{name,jdbcType=VARCHAR},
      `type` = #{type,jdbcType=INTEGER},
      parent_id = #{parentId,jdbcType=INTEGER},
      order_num = #{orderNum,jdbcType=INTEGER},
      create_time = #{createTime,jdbcType=TIMESTAMP},
      update_time = #{updateTime,jdbcType=TIMESTAMP}
    where id = #{id,jdbcType=INTEGER}
  </update>

  <select id="selectByName" parameterType="java.lang.String"
          resultMap="BaseResultMap">
    select <include refid="Base_Column_List"/>
    from imooc_mall_category
    where name = #{name,jdbcType=VARCHAR}
  </select>

  <select id="selectList" resultMap="BaseResultMap">
    select <include refid="Base_Column_List"/>
    from imooc_mall_category
  </select>

  <select id="selectCategoriesByParentId" parameterType="int" resultMap="BaseResultMap">
    select <include refid="Base_Column_List"/>
    from imooc_mall_category
    where parent_id = #{parentId}
  </select>
</mapper>