<?xml version="1.0" encoding="UTF-8"?>
<!DOCTYPE mapper PUBLIC "-//mybatis.org//DTD Mapper 3.0//EN" "http://mybatis.org/dtd/mybatis-3-mapper.dtd">
<mapper namespace="com.dowsure.erp.model.dao.ProductMapper">
  <resultMap id="BaseResultMap" type="com.dowsure.erp.model.pojo.Product">
    <!--@mbg.generated-->
    <!--@Table imooc_mall_product-->
    <id column="id" jdbcType="INTEGER" property="id" />
    <result column="name" jdbcType="VARCHAR" property="name" />
    <result column="image" jdbcType="VARCHAR" property="image" />
    <result column="detail" jdbcType="VARCHAR" property="detail" />
    <result column="category_id" jdbcType="INTEGER" property="categoryId" />
    <result column="price" jdbcType="INTEGER" property="price" />
    <result column="stock" jdbcType="INTEGER" property="stock" />
    <result column="status" jdbcType="INTEGER" property="status" />
    <result column="create_time" jdbcType="TIMESTAMP" property="createTime" />
    <result column="update_time" jdbcType="TIMESTAMP" property="updateTime" />
  </resultMap>
  <sql id="Base_Column_List">
    <!--@mbg.generated-->
    id, `name`, image, detail, category_id, price, stock, `status`, create_time, update_time
  </sql>
  <select id="selectByPrimaryKey" parameterType="java.lang.Integer" resultMap="BaseResultMap">
    <!--@mbg.generated-->
    select 
    <include refid="Base_Column_List" />
    from imooc_mall_product
    where id = #{id,jdbcType=INTEGER}
  </select>
  <delete id="deleteByPrimaryKey" parameterType="java.lang.Integer">
    <!--@mbg.generated-->
    delete from imooc_mall_product
    where id = #{id,jdbcType=INTEGER}
  </delete>
  <insert id="insert" keyColumn="id" keyProperty="id" parameterType="com.dowsure.erp.model.pojo.Product" useGeneratedKeys="true">
    <!--@mbg.generated-->
    insert into imooc_mall_product (`name`, image, detail, 
      category_id, price, stock, 
      `status`, create_time, update_time
      )
    values (#{name,jdbcType=VARCHAR}, #{image,jdbcType=VARCHAR}, #{detail,jdbcType=VARCHAR}, 
      #{categoryId,jdbcType=INTEGER}, #{price,jdbcType=INTEGER}, #{stock,jdbcType=INTEGER}, 
      #{status,jdbcType=INTEGER}, #{createTime,jdbcType=TIMESTAMP}, #{updateTime,jdbcType=TIMESTAMP}
      )
  </insert>
  <insert id="insertSelective" keyColumn="id" keyProperty="id" parameterType="com.dowsure.erp.model.pojo.Product" useGeneratedKeys="true">
    <!--@mbg.generated-->
    insert into imooc_mall_product
    <trim prefix="(" suffix=")" suffixOverrides=",">
      <if test="name != null">
        `name`,
      </if>
      <if test="image != null">
        image,
      </if>
      <if test="detail != null">
        detail,
      </if>
      <if test="categoryId != null">
        category_id,
      </if>
      <if test="price != null">
        price,
      </if>
      <if test="stock != null">
        stock,
      </if>
      <if test="status != null">
        `status`,
      </if>
      <if test="createTime != null">
        create_time,
      </if>
      <if test="updateTime != null">
        update_time,
      </if>
    </trim>
    <trim prefix="values (" suffix=")" suffixOverrides=",">
      <if test="name != null">
        #{name,jdbcType=VARCHAR},
      </if>
      <if test="image != null">
        #{image,jdbcType=VARCHAR},
      </if>
      <if test="detail != null">
        #{detail,jdbcType=VARCHAR},
      </if>
      <if test="categoryId != null">
        #{categoryId,jdbcType=INTEGER},
      </if>
      <if test="price != null">
        #{price,jdbcType=INTEGER},
      </if>
      <if test="stock != null">
        #{stock,jdbcType=INTEGER},
      </if>
      <if test="status != null">
        #{status,jdbcType=INTEGER},
      </if>
      <if test="createTime != null">
        #{createTime,jdbcType=TIMESTAMP},
      </if>
      <if test="updateTime != null">
        #{updateTime,jdbcType=TIMESTAMP},
      </if>
    </trim>
  </insert>
  <update id="updateByPrimaryKeySelective" parameterType="com.dowsure.erp.model.pojo.Product">
    <!--@mbg.generated-->
    update imooc_mall_product
    <set>
      <if test="name != null">
        `name` = #{name,jdbcType=VARCHAR},
      </if>
      <if test="image != null">
        image = #{image,jdbcType=VARCHAR},
      </if>
      <if test="detail != null">
        detail = #{detail,jdbcType=VARCHAR},
      </if>
      <if test="categoryId != null">
        category_id = #{categoryId,jdbcType=INTEGER},
      </if>
      <if test="price != null">
        price = #{price,jdbcType=INTEGER},
      </if>
      <if test="stock != null">
        stock = #{stock,jdbcType=INTEGER},
      </if>
      <if test="status != null">
        `status` = #{status,jdbcType=INTEGER},
      </if>
      <if test="createTime != null">
        create_time = #{createTime,jdbcType=TIMESTAMP},
      </if>
      <if test="updateTime != null">
        update_time = #{updateTime,jdbcType=TIMESTAMP},
      </if>
    </set>
    where id = #{id,jdbcType=INTEGER}
  </update>
  <update id="updateByPrimaryKey" parameterType="com.dowsure.erp.model.pojo.Product">
    <!--@mbg.generated-->
    update imooc_mall_product
    set `name` = #{name,jdbcType=VARCHAR},
      image = #{image,jdbcType=VARCHAR},
      detail = #{detail,jdbcType=VARCHAR},
      category_id = #{categoryId,jdbcType=INTEGER},
      price = #{price,jdbcType=INTEGER},
      stock = #{stock,jdbcType=INTEGER},
      `status` = #{status,jdbcType=INTEGER},
      create_time = #{createTime,jdbcType=TIMESTAMP},
      update_time = #{updateTime,jdbcType=TIMESTAMP}
    where id = #{id,jdbcType=INTEGER}
  </update>

  <select id="selectByName" parameterType="java.lang.String" resultMap="BaseResultMap">
    select <include refid="Base_Column_List"/>
    from imooc_mall_product
    where name = #{name,jdbcType=VARCHAR}
  </select>

<!--利用mysql动态拼装数组-->
  <update id="batchUpdateSellStatus">
    update imooc_mall_product
    set status=#{sellStatus}
    where id in
    <foreach collection="ids" close=")" item="id" open="("
             separator=",">
      #{id}
    </foreach>
  </update>
  <!--挑选列表-->
  <select id="selectListForAdmin"  resultMap="BaseResultMap">
    select <include refid="Base_Column_List"/>
    from imooc_mall_product
    order by update_time desc
  </select>

  <select id="selectList" resultMap="BaseResultMap"
          parameterType="com.dowsure.erp.model.query.ProductListQuery">
    select
    <include refid="Base_Column_List"/>
    from imooc_mall_product
    <where>
      <if test="query.keyword != null">
<!--        模糊查找-->
        and name like #{query.keyword}
      </if>
      <if test="query.categoryIds != null">
        and category_id in
        <foreach collection="query.categoryIds" close=")" item="item" open="(" separator=",">
          #{item}
        </foreach>
      </if>
      and status = 1
    </where>
    order by update_time desc
  </select>
</mapper>