<?xml version="1.0" encoding="UTF-8"?>
<!DOCTYPE mapper PUBLIC "-//mybatis.org//DTD Mapper 3.0//EN" "http://mybatis.org/dtd/mybatis-3-mapper.dtd">
<mapper namespace="com.dowsure.erp.model.dao.TOrderMapper">
  <resultMap id="BaseResultMap" type="com.dowsure.erp.model.pojo.TOrder">
    <!--@mbg.generated-->
    <!--@Table t_order_0-->
    <id column="id" jdbcType="BIGINT" property="id" />
    <result column="shop_id" jdbcType="BIGINT" property="shopId" />
    <result column="marketplace_id" jdbcType="VARCHAR" property="marketplaceId" />
    <result column="amazon_order_id" jdbcType="VARCHAR" property="amazonOrderId" />
    <result column="seller_order_id" jdbcType="VARCHAR" property="sellerOrderId" />
    <result column="purchase_date" jdbcType="VARCHAR" property="purchaseDate" />
    <result column="last_update_date" jdbcType="VARCHAR" property="lastUpdateDate" />
    <result column="order_status" jdbcType="VARCHAR" property="orderStatus" />
    <result column="fulfillment_channel" jdbcType="VARCHAR" property="fulfillmentChannel" />
    <result column="sales_channel" jdbcType="VARCHAR" property="salesChannel" />
    <result column="order_channel" jdbcType="VARCHAR" property="orderChannel" />
    <result column="ship_service_level" jdbcType="VARCHAR" property="shipServiceLevel" />
    <result column="order_currency" jdbcType="VARCHAR" property="orderCurrency" />
    <result column="order_total_amount" jdbcType="DECIMAL" property="orderTotalAmount" />
    <result column="number_of_items_shipped" jdbcType="INTEGER" property="numberOfItemsShipped" />
    <result column="number_of_items_unshipped" jdbcType="INTEGER" property="numberOfItemsUnshipped" />
    <result column="payment_method" jdbcType="VARCHAR" property="paymentMethod" />
    <result column="payment_method_details" jdbcType="VARCHAR" property="paymentMethodDetails" />
    <result column="shipment_service_level_category" jdbcType="VARCHAR" property="shipmentServiceLevelCategory" />
    <result column="easy_ship_shipment_status" jdbcType="VARCHAR" property="easyShipShipmentStatus" />
    <result column="cba_displayable_shipping_label" jdbcType="VARCHAR" property="cbaDisplayableShippingLabel" />
    <result column="order_type" jdbcType="VARCHAR" property="orderType" />
    <result column="earliest_ship_date" jdbcType="VARCHAR" property="earliestShipDate" />
    <result column="latest_ship_date" jdbcType="VARCHAR" property="latestShipDate" />
    <result column="earliest_delivery_date" jdbcType="VARCHAR" property="earliestDeliveryDate" />
    <result column="latest_delivery_date" jdbcType="VARCHAR" property="latestDeliveryDate" />
    <result column="is_business_order" jdbcType="VARCHAR" property="isBusinessOrder" />
    <result column="is_prime" jdbcType="VARCHAR" property="isPrime" />
    <result column="is_premium_order" jdbcType="VARCHAR" property="isPremiumOrder" />
    <result column="is_global_express_enabled" jdbcType="VARCHAR" property="isGlobalExpressEnabled" />
    <result column="replaced_order_id" jdbcType="VARCHAR" property="replacedOrderId" />
    <result column="is_replacement_order" jdbcType="VARCHAR" property="isReplacementOrder" />
    <result column="promise_response_due_date" jdbcType="VARCHAR" property="promiseResponseDueDate" />
    <result column="is_estimated_ship_date_set" jdbcType="VARCHAR" property="isEstimatedShipDateSet" />
    <result column="is_sold_by_ab" jdbcType="VARCHAR" property="isSoldByAb" />
    <result column="is_ispu" jdbcType="VARCHAR" property="isIspu" />
    <result column="seller_display_name" jdbcType="VARCHAR" property="sellerDisplayName" />
    <result column="shipping_address" jdbcType="VARCHAR" property="shippingAddress" />
    <result column="fulfillment_supply_source_id" jdbcType="VARCHAR" property="fulfillmentSupplySourceId" />
    <result column="is_refund" jdbcType="INTEGER" property="isRefund" />
    <result column="refund_amount" jdbcType="DECIMAL" property="refundAmount" />
    <result column="refund_date" jdbcType="VARCHAR" property="refundDate" />
    <result column="is_pull_item" jdbcType="INTEGER" property="isPullItem" />
    <result column="create_time" jdbcType="TIMESTAMP" property="createTime" />
    <result column="update_time" jdbcType="TIMESTAMP" property="updateTime" />
    <result column="is_pull_address" jdbcType="INTEGER" property="isPullAddress" />
  </resultMap>
  <sql id="Base_Column_List">
    <!--@mbg.generated-->
    id, shop_id, marketplace_id, amazon_order_id, seller_order_id, purchase_date, last_update_date, 
    order_status, fulfillment_channel, sales_channel, order_channel, ship_service_level, 
    order_currency, order_total_amount, number_of_items_shipped, number_of_items_unshipped, 
    payment_method, payment_method_details, shipment_service_level_category, easy_ship_shipment_status, 
    cba_displayable_shipping_label, order_type, earliest_ship_date, latest_ship_date, 
    earliest_delivery_date, latest_delivery_date, is_business_order, is_prime, is_premium_order, 
    is_global_express_enabled, replaced_order_id, is_replacement_order, promise_response_due_date, 
    is_estimated_ship_date_set, is_sold_by_ab, is_ispu, seller_display_name, shipping_address, 
    fulfillment_supply_source_id, is_refund, refund_amount, refund_date, is_pull_item, 
    create_time, update_time, is_pull_address
  </sql>
  <select id="selectByPrimaryKey" parameterType="java.lang.Long" resultMap="BaseResultMap">
    <!--@mbg.generated-->
    select 
    <include refid="Base_Column_List" />
    from t_order_0
    where id = #{id,jdbcType=BIGINT}
  </select>
  <delete id="deleteByPrimaryKey" parameterType="java.lang.Long">
    <!--@mbg.generated-->
    delete from t_order_0
    where id = #{id,jdbcType=BIGINT}
  </delete>
  <insert id="insert" keyColumn="id" keyProperty="id" parameterType="com.dowsure.erp.model.pojo.TOrder" useGeneratedKeys="true">
    <!--@mbg.generated-->
    insert into t_order_0 (shop_id, marketplace_id, amazon_order_id, 
      seller_order_id, purchase_date, last_update_date, 
      order_status, fulfillment_channel, sales_channel, 
      order_channel, ship_service_level, order_currency, 
      order_total_amount, number_of_items_shipped, 
      number_of_items_unshipped, payment_method, 
      payment_method_details, shipment_service_level_category, 
      easy_ship_shipment_status, cba_displayable_shipping_label, 
      order_type, earliest_ship_date, latest_ship_date, 
      earliest_delivery_date, latest_delivery_date, 
      is_business_order, is_prime, is_premium_order, 
      is_global_express_enabled, replaced_order_id, 
      is_replacement_order, promise_response_due_date, 
      is_estimated_ship_date_set, is_sold_by_ab, is_ispu, 
      seller_display_name, shipping_address, fulfillment_supply_source_id, 
      is_refund, refund_amount, refund_date, 
      is_pull_item, create_time, update_time, 
      is_pull_address)
    values (#{shopId,jdbcType=BIGINT}, #{marketplaceId,jdbcType=VARCHAR}, #{amazonOrderId,jdbcType=VARCHAR}, 
      #{sellerOrderId,jdbcType=VARCHAR}, #{purchaseDate,jdbcType=VARCHAR}, #{lastUpdateDate,jdbcType=VARCHAR}, 
      #{orderStatus,jdbcType=VARCHAR}, #{fulfillmentChannel,jdbcType=VARCHAR}, #{salesChannel,jdbcType=VARCHAR}, 
      #{orderChannel,jdbcType=VARCHAR}, #{shipServiceLevel,jdbcType=VARCHAR}, #{orderCurrency,jdbcType=VARCHAR}, 
      #{orderTotalAmount,jdbcType=DECIMAL}, #{numberOfItemsShipped,jdbcType=INTEGER}, 
      #{numberOfItemsUnshipped,jdbcType=INTEGER}, #{paymentMethod,jdbcType=VARCHAR}, 
      #{paymentMethodDetails,jdbcType=VARCHAR}, #{shipmentServiceLevelCategory,jdbcType=VARCHAR}, 
      #{easyShipShipmentStatus,jdbcType=VARCHAR}, #{cbaDisplayableShippingLabel,jdbcType=VARCHAR}, 
      #{orderType,jdbcType=VARCHAR}, #{earliestShipDate,jdbcType=VARCHAR}, #{latestShipDate,jdbcType=VARCHAR}, 
      #{earliestDeliveryDate,jdbcType=VARCHAR}, #{latestDeliveryDate,jdbcType=VARCHAR}, 
      #{isBusinessOrder,jdbcType=VARCHAR}, #{isPrime,jdbcType=VARCHAR}, #{isPremiumOrder,jdbcType=VARCHAR}, 
      #{isGlobalExpressEnabled,jdbcType=VARCHAR}, #{replacedOrderId,jdbcType=VARCHAR}, 
      #{isReplacementOrder,jdbcType=VARCHAR}, #{promiseResponseDueDate,jdbcType=VARCHAR}, 
      #{isEstimatedShipDateSet,jdbcType=VARCHAR}, #{isSoldByAb,jdbcType=VARCHAR}, #{isIspu,jdbcType=VARCHAR}, 
      #{sellerDisplayName,jdbcType=VARCHAR}, #{shippingAddress,jdbcType=VARCHAR}, #{fulfillmentSupplySourceId,jdbcType=VARCHAR}, 
      #{isRefund,jdbcType=INTEGER}, #{refundAmount,jdbcType=DECIMAL}, #{refundDate,jdbcType=VARCHAR}, 
      #{isPullItem,jdbcType=INTEGER}, #{createTime,jdbcType=TIMESTAMP}, #{updateTime,jdbcType=TIMESTAMP}, 
      #{isPullAddress,jdbcType=INTEGER})
  </insert>
  <insert id="insertSelective" keyColumn="id" keyProperty="id" parameterType="com.dowsure.erp.model.pojo.TOrder" useGeneratedKeys="true">
    <!--@mbg.generated-->
    insert into t_order_0
    <trim prefix="(" suffix=")" suffixOverrides=",">
      <if test="shopId != null">
        shop_id,
      </if>
      <if test="marketplaceId != null">
        marketplace_id,
      </if>
      <if test="amazonOrderId != null">
        amazon_order_id,
      </if>
      <if test="sellerOrderId != null">
        seller_order_id,
      </if>
      <if test="purchaseDate != null">
        purchase_date,
      </if>
      <if test="lastUpdateDate != null">
        last_update_date,
      </if>
      <if test="orderStatus != null">
        order_status,
      </if>
      <if test="fulfillmentChannel != null">
        fulfillment_channel,
      </if>
      <if test="salesChannel != null">
        sales_channel,
      </if>
      <if test="orderChannel != null">
        order_channel,
      </if>
      <if test="shipServiceLevel != null">
        ship_service_level,
      </if>
      <if test="orderCurrency != null">
        order_currency,
      </if>
      <if test="orderTotalAmount != null">
        order_total_amount,
      </if>
      <if test="numberOfItemsShipped != null">
        number_of_items_shipped,
      </if>
      <if test="numberOfItemsUnshipped != null">
        number_of_items_unshipped,
      </if>
      <if test="paymentMethod != null">
        payment_method,
      </if>
      <if test="paymentMethodDetails != null">
        payment_method_details,
      </if>
      <if test="shipmentServiceLevelCategory != null">
        shipment_service_level_category,
      </if>
      <if test="easyShipShipmentStatus != null">
        easy_ship_shipment_status,
      </if>
      <if test="cbaDisplayableShippingLabel != null">
        cba_displayable_shipping_label,
      </if>
      <if test="orderType != null">
        order_type,
      </if>
      <if test="earliestShipDate != null">
        earliest_ship_date,
      </if>
      <if test="latestShipDate != null">
        latest_ship_date,
      </if>
      <if test="earliestDeliveryDate != null">
        earliest_delivery_date,
      </if>
      <if test="latestDeliveryDate != null">
        latest_delivery_date,
      </if>
      <if test="isBusinessOrder != null">
        is_business_order,
      </if>
      <if test="isPrime != null">
        is_prime,
      </if>
      <if test="isPremiumOrder != null">
        is_premium_order,
      </if>
      <if test="isGlobalExpressEnabled != null">
        is_global_express_enabled,
      </if>
      <if test="replacedOrderId != null">
        replaced_order_id,
      </if>
      <if test="isReplacementOrder != null">
        is_replacement_order,
      </if>
      <if test="promiseResponseDueDate != null">
        promise_response_due_date,
      </if>
      <if test="isEstimatedShipDateSet != null">
        is_estimated_ship_date_set,
      </if>
      <if test="isSoldByAb != null">
        is_sold_by_ab,
      </if>
      <if test="isIspu != null">
        is_ispu,
      </if>
      <if test="sellerDisplayName != null">
        seller_display_name,
      </if>
      <if test="shippingAddress != null">
        shipping_address,
      </if>
      <if test="fulfillmentSupplySourceId != null">
        fulfillment_supply_source_id,
      </if>
      <if test="isRefund != null">
        is_refund,
      </if>
      <if test="refundAmount != null">
        refund_amount,
      </if>
      <if test="refundDate != null">
        refund_date,
      </if>
      <if test="isPullItem != null">
        is_pull_item,
      </if>
      <if test="createTime != null">
        create_time,
      </if>
      <if test="updateTime != null">
        update_time,
      </if>
      <if test="isPullAddress != null">
        is_pull_address,
      </if>
    </trim>
    <trim prefix="values (" suffix=")" suffixOverrides=",">
      <if test="shopId != null">
        #{shopId,jdbcType=BIGINT},
      </if>
      <if test="marketplaceId != null">
        #{marketplaceId,jdbcType=VARCHAR},
      </if>
      <if test="amazonOrderId != null">
        #{amazonOrderId,jdbcType=VARCHAR},
      </if>
      <if test="sellerOrderId != null">
        #{sellerOrderId,jdbcType=VARCHAR},
      </if>
      <if test="purchaseDate != null">
        #{purchaseDate,jdbcType=VARCHAR},
      </if>
      <if test="lastUpdateDate != null">
        #{lastUpdateDate,jdbcType=VARCHAR},
      </if>
      <if test="orderStatus != null">
        #{orderStatus,jdbcType=VARCHAR},
      </if>
      <if test="fulfillmentChannel != null">
        #{fulfillmentChannel,jdbcType=VARCHAR},
      </if>
      <if test="salesChannel != null">
        #{salesChannel,jdbcType=VARCHAR},
      </if>
      <if test="orderChannel != null">
        #{orderChannel,jdbcType=VARCHAR},
      </if>
      <if test="shipServiceLevel != null">
        #{shipServiceLevel,jdbcType=VARCHAR},
      </if>
      <if test="orderCurrency != null">
        #{orderCurrency,jdbcType=VARCHAR},
      </if>
      <if test="orderTotalAmount != null">
        #{orderTotalAmount,jdbcType=DECIMAL},
      </if>
      <if test="numberOfItemsShipped != null">
        #{numberOfItemsShipped,jdbcType=INTEGER},
      </if>
      <if test="numberOfItemsUnshipped != null">
        #{numberOfItemsUnshipped,jdbcType=INTEGER},
      </if>
      <if test="paymentMethod != null">
        #{paymentMethod,jdbcType=VARCHAR},
      </if>
      <if test="paymentMethodDetails != null">
        #{paymentMethodDetails,jdbcType=VARCHAR},
      </if>
      <if test="shipmentServiceLevelCategory != null">
        #{shipmentServiceLevelCategory,jdbcType=VARCHAR},
      </if>
      <if test="easyShipShipmentStatus != null">
        #{easyShipShipmentStatus,jdbcType=VARCHAR},
      </if>
      <if test="cbaDisplayableShippingLabel != null">
        #{cbaDisplayableShippingLabel,jdbcType=VARCHAR},
      </if>
      <if test="orderType != null">
        #{orderType,jdbcType=VARCHAR},
      </if>
      <if test="earliestShipDate != null">
        #{earliestShipDate,jdbcType=VARCHAR},
      </if>
      <if test="latestShipDate != null">
        #{latestShipDate,jdbcType=VARCHAR},
      </if>
      <if test="earliestDeliveryDate != null">
        #{earliestDeliveryDate,jdbcType=VARCHAR},
      </if>
      <if test="latestDeliveryDate != null">
        #{latestDeliveryDate,jdbcType=VARCHAR},
      </if>
      <if test="isBusinessOrder != null">
        #{isBusinessOrder,jdbcType=VARCHAR},
      </if>
      <if test="isPrime != null">
        #{isPrime,jdbcType=VARCHAR},
      </if>
      <if test="isPremiumOrder != null">
        #{isPremiumOrder,jdbcType=VARCHAR},
      </if>
      <if test="isGlobalExpressEnabled != null">
        #{isGlobalExpressEnabled,jdbcType=VARCHAR},
      </if>
      <if test="replacedOrderId != null">
        #{replacedOrderId,jdbcType=VARCHAR},
      </if>
      <if test="isReplacementOrder != null">
        #{isReplacementOrder,jdbcType=VARCHAR},
      </if>
      <if test="promiseResponseDueDate != null">
        #{promiseResponseDueDate,jdbcType=VARCHAR},
      </if>
      <if test="isEstimatedShipDateSet != null">
        #{isEstimatedShipDateSet,jdbcType=VARCHAR},
      </if>
      <if test="isSoldByAb != null">
        #{isSoldByAb,jdbcType=VARCHAR},
      </if>
      <if test="isIspu != null">
        #{isIspu,jdbcType=VARCHAR},
      </if>
      <if test="sellerDisplayName != null">
        #{sellerDisplayName,jdbcType=VARCHAR},
      </if>
      <if test="shippingAddress != null">
        #{shippingAddress,jdbcType=VARCHAR},
      </if>
      <if test="fulfillmentSupplySourceId != null">
        #{fulfillmentSupplySourceId,jdbcType=VARCHAR},
      </if>
      <if test="isRefund != null">
        #{isRefund,jdbcType=INTEGER},
      </if>
      <if test="refundAmount != null">
        #{refundAmount,jdbcType=DECIMAL},
      </if>
      <if test="refundDate != null">
        #{refundDate,jdbcType=VARCHAR},
      </if>
      <if test="isPullItem != null">
        #{isPullItem,jdbcType=INTEGER},
      </if>
      <if test="createTime != null">
        #{createTime,jdbcType=TIMESTAMP},
      </if>
      <if test="updateTime != null">
        #{updateTime,jdbcType=TIMESTAMP},
      </if>
      <if test="isPullAddress != null">
        #{isPullAddress,jdbcType=INTEGER},
      </if>
    </trim>
  </insert>
  <update id="updateByPrimaryKeySelective" parameterType="com.dowsure.erp.model.pojo.TOrder">
    <!--@mbg.generated-->
    update t_order_0
    <set>
      <if test="shopId != null">
        shop_id = #{shopId,jdbcType=BIGINT},
      </if>
      <if test="marketplaceId != null">
        marketplace_id = #{marketplaceId,jdbcType=VARCHAR},
      </if>
      <if test="amazonOrderId != null">
        amazon_order_id = #{amazonOrderId,jdbcType=VARCHAR},
      </if>
      <if test="sellerOrderId != null">
        seller_order_id = #{sellerOrderId,jdbcType=VARCHAR},
      </if>
      <if test="purchaseDate != null">
        purchase_date = #{purchaseDate,jdbcType=VARCHAR},
      </if>
      <if test="lastUpdateDate != null">
        last_update_date = #{lastUpdateDate,jdbcType=VARCHAR},
      </if>
      <if test="orderStatus != null">
        order_status = #{orderStatus,jdbcType=VARCHAR},
      </if>
      <if test="fulfillmentChannel != null">
        fulfillment_channel = #{fulfillmentChannel,jdbcType=VARCHAR},
      </if>
      <if test="salesChannel != null">
        sales_channel = #{salesChannel,jdbcType=VARCHAR},
      </if>
      <if test="orderChannel != null">
        order_channel = #{orderChannel,jdbcType=VARCHAR},
      </if>
      <if test="shipServiceLevel != null">
        ship_service_level = #{shipServiceLevel,jdbcType=VARCHAR},
      </if>
      <if test="orderCurrency != null">
        order_currency = #{orderCurrency,jdbcType=VARCHAR},
      </if>
      <if test="orderTotalAmount != null">
        order_total_amount = #{orderTotalAmount,jdbcType=DECIMAL},
      </if>
      <if test="numberOfItemsShipped != null">
        number_of_items_shipped = #{numberOfItemsShipped,jdbcType=INTEGER},
      </if>
      <if test="numberOfItemsUnshipped != null">
        number_of_items_unshipped = #{numberOfItemsUnshipped,jdbcType=INTEGER},
      </if>
      <if test="paymentMethod != null">
        payment_method = #{paymentMethod,jdbcType=VARCHAR},
      </if>
      <if test="paymentMethodDetails != null">
        payment_method_details = #{paymentMethodDetails,jdbcType=VARCHAR},
      </if>
      <if test="shipmentServiceLevelCategory != null">
        shipment_service_level_category = #{shipmentServiceLevelCategory,jdbcType=VARCHAR},
      </if>
      <if test="easyShipShipmentStatus != null">
        easy_ship_shipment_status = #{easyShipShipmentStatus,jdbcType=VARCHAR},
      </if>
      <if test="cbaDisplayableShippingLabel != null">
        cba_displayable_shipping_label = #{cbaDisplayableShippingLabel,jdbcType=VARCHAR},
      </if>
      <if test="orderType != null">
        order_type = #{orderType,jdbcType=VARCHAR},
      </if>
      <if test="earliestShipDate != null">
        earliest_ship_date = #{earliestShipDate,jdbcType=VARCHAR},
      </if>
      <if test="latestShipDate != null">
        latest_ship_date = #{latestShipDate,jdbcType=VARCHAR},
      </if>
      <if test="earliestDeliveryDate != null">
        earliest_delivery_date = #{earliestDeliveryDate,jdbcType=VARCHAR},
      </if>
      <if test="latestDeliveryDate != null">
        latest_delivery_date = #{latestDeliveryDate,jdbcType=VARCHAR},
      </if>
      <if test="isBusinessOrder != null">
        is_business_order = #{isBusinessOrder,jdbcType=VARCHAR},
      </if>
      <if test="isPrime != null">
        is_prime = #{isPrime,jdbcType=VARCHAR},
      </if>
      <if test="isPremiumOrder != null">
        is_premium_order = #{isPremiumOrder,jdbcType=VARCHAR},
      </if>
      <if test="isGlobalExpressEnabled != null">
        is_global_express_enabled = #{isGlobalExpressEnabled,jdbcType=VARCHAR},
      </if>
      <if test="replacedOrderId != null">
        replaced_order_id = #{replacedOrderId,jdbcType=VARCHAR},
      </if>
      <if test="isReplacementOrder != null">
        is_replacement_order = #{isReplacementOrder,jdbcType=VARCHAR},
      </if>
      <if test="promiseResponseDueDate != null">
        promise_response_due_date = #{promiseResponseDueDate,jdbcType=VARCHAR},
      </if>
      <if test="isEstimatedShipDateSet != null">
        is_estimated_ship_date_set = #{isEstimatedShipDateSet,jdbcType=VARCHAR},
      </if>
      <if test="isSoldByAb != null">
        is_sold_by_ab = #{isSoldByAb,jdbcType=VARCHAR},
      </if>
      <if test="isIspu != null">
        is_ispu = #{isIspu,jdbcType=VARCHAR},
      </if>
      <if test="sellerDisplayName != null">
        seller_display_name = #{sellerDisplayName,jdbcType=VARCHAR},
      </if>
      <if test="shippingAddress != null">
        shipping_address = #{shippingAddress,jdbcType=VARCHAR},
      </if>
      <if test="fulfillmentSupplySourceId != null">
        fulfillment_supply_source_id = #{fulfillmentSupplySourceId,jdbcType=VARCHAR},
      </if>
      <if test="isRefund != null">
        is_refund = #{isRefund,jdbcType=INTEGER},
      </if>
      <if test="refundAmount != null">
        refund_amount = #{refundAmount,jdbcType=DECIMAL},
      </if>
      <if test="refundDate != null">
        refund_date = #{refundDate,jdbcType=VARCHAR},
      </if>
      <if test="isPullItem != null">
        is_pull_item = #{isPullItem,jdbcType=INTEGER},
      </if>
      <if test="createTime != null">
        create_time = #{createTime,jdbcType=TIMESTAMP},
      </if>
      <if test="updateTime != null">
        update_time = #{updateTime,jdbcType=TIMESTAMP},
      </if>
      <if test="isPullAddress != null">
        is_pull_address = #{isPullAddress,jdbcType=INTEGER},
      </if>
    </set>
    where id = #{id,jdbcType=BIGINT}
  </update>
  <update id="updateByPrimaryKey" parameterType="com.dowsure.erp.model.pojo.TOrder">
    <!--@mbg.generated-->
    update t_order_0
    set shop_id = #{shopId,jdbcType=BIGINT},
      marketplace_id = #{marketplaceId,jdbcType=VARCHAR},
      amazon_order_id = #{amazonOrderId,jdbcType=VARCHAR},
      seller_order_id = #{sellerOrderId,jdbcType=VARCHAR},
      purchase_date = #{purchaseDate,jdbcType=VARCHAR},
      last_update_date = #{lastUpdateDate,jdbcType=VARCHAR},
      order_status = #{orderStatus,jdbcType=VARCHAR},
      fulfillment_channel = #{fulfillmentChannel,jdbcType=VARCHAR},
      sales_channel = #{salesChannel,jdbcType=VARCHAR},
      order_channel = #{orderChannel,jdbcType=VARCHAR},
      ship_service_level = #{shipServiceLevel,jdbcType=VARCHAR},
      order_currency = #{orderCurrency,jdbcType=VARCHAR},
      order_total_amount = #{orderTotalAmount,jdbcType=DECIMAL},
      number_of_items_shipped = #{numberOfItemsShipped,jdbcType=INTEGER},
      number_of_items_unshipped = #{numberOfItemsUnshipped,jdbcType=INTEGER},
      payment_method = #{paymentMethod,jdbcType=VARCHAR},
      payment_method_details = #{paymentMethodDetails,jdbcType=VARCHAR},
      shipment_service_level_category = #{shipmentServiceLevelCategory,jdbcType=VARCHAR},
      easy_ship_shipment_status = #{easyShipShipmentStatus,jdbcType=VARCHAR},
      cba_displayable_shipping_label = #{cbaDisplayableShippingLabel,jdbcType=VARCHAR},
      order_type = #{orderType,jdbcType=VARCHAR},
      earliest_ship_date = #{earliestShipDate,jdbcType=VARCHAR},
      latest_ship_date = #{latestShipDate,jdbcType=VARCHAR},
      earliest_delivery_date = #{earliestDeliveryDate,jdbcType=VARCHAR},
      latest_delivery_date = #{latestDeliveryDate,jdbcType=VARCHAR},
      is_business_order = #{isBusinessOrder,jdbcType=VARCHAR},
      is_prime = #{isPrime,jdbcType=VARCHAR},
      is_premium_order = #{isPremiumOrder,jdbcType=VARCHAR},
      is_global_express_enabled = #{isGlobalExpressEnabled,jdbcType=VARCHAR},
      replaced_order_id = #{replacedOrderId,jdbcType=VARCHAR},
      is_replacement_order = #{isReplacementOrder,jdbcType=VARCHAR},
      promise_response_due_date = #{promiseResponseDueDate,jdbcType=VARCHAR},
      is_estimated_ship_date_set = #{isEstimatedShipDateSet,jdbcType=VARCHAR},
      is_sold_by_ab = #{isSoldByAb,jdbcType=VARCHAR},
      is_ispu = #{isIspu,jdbcType=VARCHAR},
      seller_display_name = #{sellerDisplayName,jdbcType=VARCHAR},
      shipping_address = #{shippingAddress,jdbcType=VARCHAR},
      fulfillment_supply_source_id = #{fulfillmentSupplySourceId,jdbcType=VARCHAR},
      is_refund = #{isRefund,jdbcType=INTEGER},
      refund_amount = #{refundAmount,jdbcType=DECIMAL},
      refund_date = #{refundDate,jdbcType=VARCHAR},
      is_pull_item = #{isPullItem,jdbcType=INTEGER},
      create_time = #{createTime,jdbcType=TIMESTAMP},
      update_time = #{updateTime,jdbcType=TIMESTAMP},
      is_pull_address = #{isPullAddress,jdbcType=INTEGER}
    where id = #{id,jdbcType=BIGINT}
  </update>
</mapper>