<?xml version="1.0" encoding="UTF-8"?>
<!DOCTYPE mapper PUBLIC "-//mybatis.org//DTD Mapper 3.0//EN" "http://mybatis.org/dtd/mybatis-3-mapper.dtd">
<mapper namespace="com.dowsure.erp.model.dao.UserMapper">
  <resultMap id="BaseResultMap" type="com.dowsure.erp.model.pojo.User">
    <!--@mbg.generated-->
    <!--@Table imooc_mall_user-->
    <id column="id" jdbcType="INTEGER" property="id" />
    <result column="username" jdbcType="VARCHAR" property="username" />
    <result column="password" jdbcType="VARCHAR" property="password" />
    <result column="personalized_signature" jdbcType="VARCHAR" property="personalizedSignature" />
    <result column="role" jdbcType="INTEGER" property="role" />
    <result column="create_time" jdbcType="TIMESTAMP" property="createTime" />
    <result column="update_time" jdbcType="TIMESTAMP" property="updateTime" />
  </resultMap>
  <sql id="Base_Column_List">
    <!--@mbg.generated-->
    id, username, `password`, personalized_signature, `role`, create_time, update_time
  </sql>
  <select id="selectByPrimaryKey" parameterType="java.lang.Integer" resultMap="BaseResultMap">
    <!--@mbg.generated-->
    select 
    <include refid="Base_Column_List" />
    from imooc_mall_user
    where id = #{id,jdbcType=INTEGER}
  </select>
  <delete id="deleteByPrimaryKey" parameterType="java.lang.Integer">
    <!--@mbg.generated-->
    delete from imooc_mall_user
    where id = #{id,jdbcType=INTEGER}
  </delete>
  <insert id="insert" keyColumn="id" keyProperty="id" parameterType="com.dowsure.erp.model.pojo.User" useGeneratedKeys="true">
    <!--@mbg.generated-->
    insert into imooc_mall_user (username, `password`, personalized_signature, 
      `role`, create_time, update_time
      )
    values (#{username,jdbcType=VARCHAR}, #{password,jdbcType=VARCHAR}, #{personalizedSignature,jdbcType=VARCHAR}, 
      #{role,jdbcType=INTEGER}, #{createTime,jdbcType=TIMESTAMP}, #{updateTime,jdbcType=TIMESTAMP}
      )
  </insert>
  <insert id="insertSelective" keyColumn="id" keyProperty="id" parameterType="com.dowsure.erp.model.pojo.User" useGeneratedKeys="true">
    <!--@mbg.generated-->
    insert into imooc_mall_user
    <trim prefix="(" suffix=")" suffixOverrides=",">
      <if test="username != null">
        username,
      </if>
      <if test="password != null">
        `password`,
      </if>
      <if test="personalizedSignature != null">
        personalized_signature,
      </if>
      <if test="role != null">
        `role`,
      </if>
      <if test="createTime != null">
        create_time,
      </if>
      <if test="updateTime != null">
        update_time,
      </if>
    </trim>
    <trim prefix="values (" suffix=")" suffixOverrides=",">
      <if test="username != null">
        #{username,jdbcType=VARCHAR},
      </if>
      <if test="password != null">
        #{password,jdbcType=VARCHAR},
      </if>
      <if test="personalizedSignature != null">
        #{personalizedSignature,jdbcType=VARCHAR},
      </if>
      <if test="role != null">
        #{role,jdbcType=INTEGER},
      </if>
      <if test="createTime != null">
        #{createTime,jdbcType=TIMESTAMP},
      </if>
      <if test="updateTime != null">
        #{updateTime,jdbcType=TIMESTAMP},
      </if>
    </trim>
  </insert>
  <update id="updateByPrimaryKeySelective" parameterType="com.dowsure.erp.model.pojo.User">
    <!--@mbg.generated-->
    update imooc_mall_user
    <set>
      <if test="username != null">
        username = #{username,jdbcType=VARCHAR},
      </if>
      <if test="password != null">
        `password` = #{password,jdbcType=VARCHAR},
      </if>
      <if test="personalizedSignature != null">
        personalized_signature = #{personalizedSignature,jdbcType=VARCHAR},
      </if>
      <if test="role != null">
        `role` = #{role,jdbcType=INTEGER},
      </if>
      <if test="createTime != null">
        create_time = #{createTime,jdbcType=TIMESTAMP},
      </if>
      <if test="updateTime != null">
        update_time = #{updateTime,jdbcType=TIMESTAMP},
      </if>
    </set>
    where id = #{id,jdbcType=INTEGER}
  </update>
  <update id="updateByPrimaryKey" parameterType="com.dowsure.erp.model.pojo.User">
    <!--@mbg.generated-->
    update imooc_mall_user
    set username = #{username,jdbcType=VARCHAR},
      `password` = #{password,jdbcType=VARCHAR},
      personalized_signature = #{personalizedSignature,jdbcType=VARCHAR},
      `role` = #{role,jdbcType=INTEGER},
      create_time = #{createTime,jdbcType=TIMESTAMP},
      update_time = #{updateTime,jdbcType=TIMESTAMP}
    where id = #{id,jdbcType=INTEGER}
  </update>

  <select id="selectByName" parameterType="java.lang.String" resultMap="BaseResultMap">
    select
    <!--代表我们会选取一个完整的user对象-->
    <include refid="Base_Column_List"/>
    from imooc_mall_user
    where username = #{username,jdbcType=VARCHAR}
  </select>

  <select id="selectLogin" parameterType="map" resultMap="BaseResultMap">
    select
    <!--代表我们会选取一个完整的user对象-->
    <include refid="Base_Column_List"/>
    from imooc_mall_user
    where username = #{userName,jdbcType=VARCHAR}
    and password = #{password,jdbcType=VARCHAR}

  </select>
</mapper>